substance,species,n_facts
'천연·안전' 표방 허브 제품,bird,1
Albright's Chicken Recipe for Dogs(리콜),dog,1
Breeder's Edge · Shelter's Choice 개용 대용유(리콜),dog,1
"Breeder's Edge · Shelter's Choice 개용 대용유(리콜, 2026-04-17)",dog,1
DMSA 과량(디메르캅토숙신산),bird,1
EPA+DHA (오메가-3),cat|dog,4
"Elite Treats 닭고기 개 간식(리콜, 종결)",dog,1
EmerAid IC Carnivore(회복기 유동식),all,1
EmerAid IC Herbivore(회복기 유동식),all,1
EmerAid IC Omnivore(회복기 유동식),all,1
Harrison's Recovery Formula(회복기 사료),all,1
Kaytee Exact Hand-Feeding(이유식용 사료),all,1
Neogen Vet HYCOAT® Hyaluronate Sodium Sterile Solution(리콜),all,1
PTFE(테플론) 과열 흄,bird,2
PTFE(테플론) 흄,bird,1
PTFE(폴리테트라플루오로에틸렌) 과열 흄,bird,1
PTFE·PFOA 논스틱 조리기구 흄,bird,1
Pedigree High Protein Chopped Chicken & Duck Flavor 습식 개 사료(리콜),dog,1
Quest Cat Food Chicken Recipe Freeze Dried Nuggets 10oz(리콜),cat,1
Quest Cat Food Chicken Recipe Frozen(리콜),cat,1
Raaw Energy 개 사료(리콜),dog,1
Steve's Real Food Freeze Dried Chicken Recipe 개·고양이 동결건조 사료(리콜),mammal,1
가금내장분(CP>70%),all,1
가정 내 구토 유도(중독 의심 시),cat,1
가정 내 임의 처치(금지),all,1
가정 내 해독제 임의 투여(금지),all,1
가정용 청소용품(공통),mammal,1
가정용 화학물질(부동액·표백제·세제·제빙염 등),mammal,1
가정용 화학물질(살충제·살서제·비료·제초제·달팽이 유인제·에틸렌글리콜 부동액·페인트 시너·수영장 약품·표백제·세제·소독제),cat,1
가지과 식물체(녹색 토마토·감자·고추·가지),bird,2
간(레버),cat,1
간식 급여 원칙(식사 대체 금지·질식 예방·감독),cat,1
간식 총량(1일 섭취 열량 대비),cat|dog,2
간효소 상승(AST·CK·LDH),bird,1
감귤류(레몬·자몽·라임),dog,1
감귤류(줄기·잎·껍질·과육·씨),mammal,1
갑작스러운 행동 변화,mammal,1
강박 행동에 동반된 응급 상황(자해·이물 삼킴·발작 유사),dog,1
강박 행동의 의학적 감별 원인,dog,1
강박장애(CCD),dog,1
강심배당체 함유 식물(디기탈리스·은방울꽃·칼랑코에·마더오브밀리언즈·협죽도),all,1
개용 벼룩 구제제(고양이 금기),cat,1
개운죽(럭키뱀부),cat|dog,2
거저리유충,all,1
거짓 곰보버섯(Gyromitra),bird,2
건포도,dog,3
겨우살이(미국 겨우살이),cat|dog,2
견과류(아몬드·피칸·호두),mammal,1
고구마(건조),all,1
고양이 교상,bird,1
고양이에게 흔히 주는 사람 음식의 에너지 밀도,cat,1
고양이의 개구호흡(팬팅),cat,1
"고열(hyperthermia, 과열)",bird,1
고열량 간식·츄(껌뼈·말린 돼지 귀 등),dog,1
고지방·고염분·고당분 식품,bird,3
골절,bird,1
곰팡이 독소(마이코톡신),bird,1
곰팡이 핀 땅콩·곡물(진균 독소),bird,2
곰팡이가 피거나 상한 음식,dog,1
과급여(overfeeding),all,1
과라나 함유 허브 보충제,dog,1
과일을 포함한 간식 총량,dog,1
구강·비강 출혈,bird,1
구리,dog,4
구리 간병증 식단에서 제한하는 식품(내장육·복합곡물·조개류·버섯·녹색잎채소),dog,1
구리 제한 자가조리 식단(약 300 kcal · Balance It® Canine-Cu 병용),dog,1
구리(건사료),cat,2
구리(통조림 사료),cat,2
구토,bird,1
구토 유도(최토),bird,1
국화,cat|dog,4
군자란(클리비아),cat|dog,2
권장 영양소 함량의 전제 에너지 섭취량,mammal,1
귀리(연맥),all,1
귀리피,all,1
그릿(grit),bird,3
글라디올러스,cat|dog,2
글로리오사(화염백합),cat|dog,2
금속 이물 섭취(방사선 불투과성 이물),bird,1
기저질환·식이 민감증·처방식 급여 중인 고양이의 간식,cat,1
기초대사율(BMR),all,1
깃 고르기(preening)에 의한 경구 재노출,bird,1
꼬리 쫓기·제자리 돌기,dog,1
꼬치(나무·금속 스큐어),dog,1
나트륨,cat|dog,4
나팔꽃,cat|dog,2
난각분,all,1
난관 폐색(egg binding),bird,1
날달걀(아비딘),mammal,1
남조류 독소(마이크로시스틴·삭시톡신·도모산),bird,1
남천,cat|dog,2
남천(HCN 기준),mammal,1
남천(베르베린),cat,1
납 — 혈중 진단 기준,bird,1
납(Pb) 중독,bird,2
납(lead) 중독,bird,1
논스틱(PTFE) 코팅 조리기구·가전,bird,1
뇌진탕(벽·창문 충돌),bird,1
눈 부상,mammal,1
니코틴(담배·전자담배·니코틴 껌/패치),bird,1
단백질,cat|dog,4
닭기름(계유),all,1
담배 연기(실내 흡연),bird,1
담배 제품(전자담배·리필액 포함),all,1
담쟁이덩굴(Virginia Creeper),bird,1
당근,dog,1
대두(콩),all,1
대두박,all,1
대두유,all,1
대두피,all,1
대마(마리화나),dog,1
대마초(마리화나),bird,1
대사에너지 계산식(1단계 총에너지),mammal,1
대사에너지 계산식(2단계 에너지 소화율),cat|dog,2
대사에너지 계산식(3단계 가소화에너지),mammal,1
대사에너지 계산식(4단계 대사에너지),cat|dog,2
대사에너지 방정식(원료 기반),cat|dog,2
대황 잎,dog,1
대황 잎 및 유사 옥살산 함유 식물(괭이밥·사워스타프루트 등),all,1
대황 잎(옥살산 결정),bird,2
도토리·참나무 잎(타닌),bird,1
독성 관엽식물 섭취,bird,1
독성물질 노출 시 대응(구토 유발 전 확인),mammal,1
동애등에 유충,all,1
드라세나,cat|dog,2
드라세나 마지나타,cat|dog,2
디기탈리스(폭스글러브),bird,1
디기탈리스(폭스글로브),cat|dog,2
디에틸렌글리콜(브레이크액),mammal,1
디클로페낙(NSAID),bird,1
디펜바키아,bird|cat|mammal,3
디펜바키아 및 유사 천남성과 식물(포토스·스킨답서스·쉐플레라·스파티필럼),all,1
디펜바키아(덤케인),cat|dog,2
라이신,cat|dog,4
라즈베리,dog,1
란타나,dog,1
로도덴드론(그레이아노톡신),bird,1
로도덴드론(진달래속),bird,2
루핀(lupine),bird,1
류신,cat|dog,4
리놀레산 (오메가-6),cat|dog,4
리크(서양대파),mammal,1
마그네슘,cat|dog,4
마늘,all|dog|mammal,5
마른멸치·김,mammal,1
마리화나(대마),all,2
마모·손상된 논스틱 조리기구,bird,1
마비·심한 쇠약,mammal,1
마취목(피어리스),cat|dog,2
마카다미아,dog,7
마카다미아 너트,all,1
마카다미아넛,dog,2
망간,cat|dog,4
망고,dog,2
멀구슬나무,dog,1
메치오닌,cat|dog,4
메치오닌+시스틴,cat|dog,4
메탄올(워셔액),mammal,1
모든 진짜 백합류,cat,1
몬스테라,cat|dog,2
무가당 베이킹 초콜릿·코코아 파우더,mammal,1
무반응·의식 변화,mammal,1
미슬토(겨우살이),cat,1
밀(소맥),all,1
밀크 초콜릿,mammal,1
바나나,dog,1
바르비투르산염,bird,1
바베이도스 알로에,cat|dog,2
바비큐 위험 식품 섭취 의심,dog,1
반려·도시 적응 앵무의 중금속 노출원,bird,1
반려동물 약물의 오·과다 투여,mammal,1
발린,cat|dog,4
발작,mammal,1
발작(seizure),bird,1
발작(경련),all,1
발효 이스트 반죽(생 빵 반죽),mammal,2
발효 전 빵 반죽·피자 반죽(생 반죽),dog,1
배설물 내 혈액,bird,1
백합,cat|dog,5
백합(백합속),cat,1
백합류,cat,1
백합류(Japanese Show Lily),cat,1
백합류(Red Lily),cat,1
번식기 에너지 요구량,cat|dog,3
벚나무속 과일 씨(체리·천도복숭아·복숭아·자두),all,1
베고니아,dog,2
벤자민 고무나무,cat|dog,2
보리(대맥),all,1
복숭아,dog,2
봄 구근 식물(크로커스·아마릴리스·히아신스·수선화·튤립 등),all,1
"부기·복부 팽만(GDV, 고창증)",mammal,1
부동액,all,1
부러진 혈우(blood feather) 출혈,bird,1
부활절 백합(나팔나리),cat,1
붓꽃(아이리스),cat|dog,2
브로콜리,dog,1
블루베리,dog,1
비가공 생 동물성 간식,cat,1
비가공 생 동물성 간식(돼지 귀 등),dog,1
비료(골분·혈분·박쥐구아노 등),mammal,1
비비추(호스타),cat|dog,2
비소 — 조직 진단 기준,bird,1
비소(As) 중독,bird,1
비타민 A,cat|dog,4
비타민 A 과잉(hypervitaminosis A),bird,1
비타민 B1 (티아민),cat|dog,4
비타민 B12 (시아노코발아민),cat|dog,4
비타민 B2 (리보플라빈),cat|dog,4
비타민 B3 (니아신),cat|dog,4
비타민 B5 (판토텐산),cat|dog,4
비타민 B6 (피리독신),cat|dog,4
비타민 B7 (비오틴),cat,2
비타민 B9 (엽산),cat|dog,4
비타민 D,cat|dog,4
비타민 D 과잉(hypervitaminosis D),bird,1
비타민 E,cat|dog,4
비타민 K,cat,2
비타민 보충제,bird,1
비트펄프,all,1
비항응고성 살서제(인화아연·브로메탈린),bird,1
빛·그림자 쫓기·응시,dog,1
빠른 호흡(빈호흡),mammal,1
뼈(익힌 것·생것),cat|dog,3
사고야자 및 유사 소철류,mammal,1
사과,dog,2
사람 음식·식탁 남은 음식,cat|dog,2
사람용 미네랄워터,mammal,1
사람용 반찬·햄·소시지(염분),mammal,1
사람용 비스테로이드성 소염진통제(아스피린·이부프로펜·나프록센),all,1
사람용 의약품·보충제(아스피린·아세트아미노펜·이부프로펜·비타민 보충제),cat,1
사람용 진통제(이부프로펜·나프록센·아세트아미노펜),mammal,1
산세베리아,cat|dog,2
살서제(쥐약·쥐덫 미끼),mammal,1
살충제(유기인계·피레스로이드·비펜트린),mammal,1
새로운 과일의 첫 급여,dog,1
생 감자·싹이 난 녹색 감자,dog,1
생 어패류·갑각류(비타민 B1 분해효소),cat,1
생 어패류·갑각류(오징어·문어·마른오징어·게·새우),mammal,1
생 이스트 반죽,cat,1
생고기·생달걀·생뼈,mammal,2
생선(생식 — 송어·대구·청어·넙치·잉어 등),mammal,1
생콩·견과류,mammal,1
서성임·원 그리며 걷기·울타리 달리기,dog,1
"서양월계귀룽나무(체리로렐, HCN 기준)",dog,1
서양주목,dog,1
석유증류물(페인트 시너·미네랄 스피릿·등유·휘발유·모터오일 등),mammal,1
설탕,mammal,1
성장 에너지 요구량,cat|dog,5
세미스위트 다크 초콜릿,mammal,1
셀레늄,cat|dog,4
셀로움,mammal,1
소금,mammal,1
소금 블록(salt block),bird,1
소금(짠 음식),cat,1
소금·과도하게 짠 음식,mammal,1
소낭 세척(crop lavage),bird,1
소맥피(밀기울),all,1
소철(sago palm),bird,1
소철(사고팜),cat|dog,3
수국,cat|dog,2
수국(미국수국),cat|dog,2
수박,dog,2
수생 비참새목 조류의 RER 계수 K,bird,1
수선화,cat|dog,5
수유기 에너지 요구량,cat|dog,2
수은 — 조직 진단 기준,bird,1
수은(Hg) 중독,bird,1
수의학적 처치가 필요한 경우,all,1
수제 맥주용 홉,dog,1
쉐플레라(홍콩야자),cat|dog,2
스킨답서스(골든 포토스),cat|dog,2
스파티필럼(피스 릴리),cat|dog,3
스피루리나,all,1
슬로베리(진 담금용),dog,1
시금치,dog|mammal,2
시클라멘,cat|dog|mammal,3
식염(염화나트륨) — 고염 사료,bird,1
식염(염화나트륨) — 제설염 등 급성 노출,bird,1
식품 중독 의심 증상,dog,1
식품 포장 봉지(마일라 재질 과자·시리얼 봉지),dog,1
싱고니움,cat|dog,2
쌀겨(생미강),all,1
쌀밥,cat,1
썩은 사과(발효된 낙과),dog,1
아글라오네마,cat|dog,2
아까시나무(black locust),bird,1
아라키돈산 (오메가-6),cat|dog,4
아룸 이탈리쿰,dog,1
아르지닌,cat|dog,4
아마릴리스,cat|dog,3
아마릴리스(히페아스트룸),cat|dog,2
아마박,all,1
아미종실,all,1
아보카도,bird|cat|dog|mammal,9
아보카도(껍질·씨·잎),dog,1
아보카도(잎·과육·씨·나무껍질),bird|dog,2
아보카도(퍼신),bird,4
아세트아미노펜(타이레놀),cat,1
아세트아미노펜(파라세타몰),cat,1
아스파라거스 고사리,cat|dog,2
아시아틱 릴리,cat,1
아연,cat|dog,4
아연 — 혈청 진단 기준,bird,1
아연(Zn) 중독,bird,2
아연(zinc) 중독,bird,1
아이비(ivy) 일부 종,bird,1
아이비(서양송악),mammal,1
아이비(잉글리시 아이비),cat|dog,2
아이비(헤데라),cat|dog,2
아잘레아(그레이아노톡신),bird,1
안스리움,cat|dog|mammal,3
안정 시 에너지 요구량(RER) 계산식,all,1
안정 시 에너지 요구량(RER) 대체 계산식,all,1
알로에,cat|dog,2
알로에(알로에 베라),cat|dog,2
알로카시아,cat|dog,2
알리움류(양파·마늘·리크·차이브),cat,1
알코올,dog,1
알코올 음료,bird,1
알코올(에탄올),bird,1
알코올(주류·알코올 함유 식품),all|cat|mammal,4
알코올·생 이스트 반죽,cat|dog,2
알파-리놀렌산 (오메가-3),cat|dog,4
암모니아,bird,1
암모니아(암모늄 하이드록사이드),mammal,1
앞발·다리 강박 핥기·씹기,dog,1
앵무목 조류(Psittacine)의 RER 계수 K,bird,1
야생 버섯,dog,2
양파,all|cat|dog,8
양파(리크·차이브 포함),dog,1
양파·감자·마늘·리크·차이브,cat,1
양파·리크·샬롯·마늘·차이브(알리움류),cat|dog,2
양파·마늘(Allium),bird,3
양파·마늘·리크·부추(생·조리·분말 모두),mammal,1
양파·마늘·부추,mammal,1
양파·마늘·부추(Allium 속),mammal,1
어류기름(어유),all,1
어분(고단백),all,1
에센셜 오일(정유) 전반 — 반려조 피부 도포,bird,1
에센셜 오일(티트리·유칼립투스·페퍼민트·시트러스),bird,1
에어로졸 제품(헤어스프레이·데오도런트·방향제·스프레이 세정제·살충제·스프레이 페인트),bird,1
에탄올(주류),mammal,1
에틸렌글리콜(부동액),cat|dog,2
연기(담배·마리화나·매연·자가세척 오븐·조리 연기),bird,1
염소,cat|dog,4
염자(제이드 플랜트),cat|dog,2
"영양밀도(단위/1,000kcal) 환산식",mammal,1
옆구리·천 빨기,dog,1
예스터데이 투데이 앤 투모로우(만데빌라계 브룬펠시아),all,1
오존 발생·이온식 공기청정기,bird,1
옥수수,all,1
옥수수 속대,dog,1
옥수수글루텐밀,all,1
요소(urea),bird,1
요오드,cat|dog,4
우유(모유 대용),mammal,1
우유·유제품,cat|mammal,3
우유·유제품(유당 불내성),cat,1
울혈성 심부전(호흡곤란의 원인),mammal,1
원추리(데이릴리),cat,1
원추리류(Orange Day Lily),cat,1
"월계수(laurel, 그레이아노톡신)",bird,1
위장관 폐색을 일으키는 이물(아보카도 씨·옥수수속대·뼈),all,1
위험물 섭취 의심,all,1
유독 가스·연기 노출,bird,1
유제품(유당),bird,2
유지 에너지 요구량,cat|dog,5
유지 에너지 요구량(MER),all,1
유해물질 섭취 의심,all,1
육골분,all,1
육두구,dog,1
육상 비참새목 조류의 RER 계수 K,bird,1
은방울꽃,cat|dog|mammal,4
은방울꽃(lily of the valley),bird,1
응급 여부를 판단하기 어려운 경우,mammal,1
의식소실,all,1
이소루신,cat|dog,4
이소프로필알코올(소독용 알코올),mammal,1
이스트 반죽,dog,1
이스트 제품(발효 생 빵 반죽),all,1
익힌 뼈,cat|dog,2
인,cat|dog,4
임의 구토 유발(금지),all,1
자일리톨,bird|cat|dog|mammal,11
자일리톨(무설탕 껌·사탕·기침시럽·구강청결제·치약),all,1
자일리톨(무설탕 사탕·껌·치약),mammal,1
자일리톨(무설탕 캔디),bird,2
저구리 처방식(Hill's l/d · Royal Canin Hepatic Support),dog,1
저철분 식이(로리·로리키트·투칸·구관조),bird,1
저체온(보온 부족),bird,1
접착제(디이소시아네이트 계열),mammal,1
정제 곡물(흰쌀·흰빵·파스타),bird,1
종결된 리콜(Terminated Recall)의 정의,all,1
주목,all|dog|mammal,3
주목(yew),bird,1
"주목(yew, 탁신)",bird,1
주목(일본주목),cat|dog,2
중국부추,dog,1
중금속 상승작용(복합 노출),bird,1
중금속 중독 의심 징후,bird,1
중금속 킬레이션 치료(Ca-EDTA),bird,1
중금속(수은·카드뮴·구리·비소),bird,1
중금속의 조직 잔류·비생분해성,bird,1
중독 의심 시 노출원에서 분리,all,1
중독 의심 시 대응(독성물질 섭취),cat,1
중독 의심 시 상태 확인(호흡·행동),all,1
중독 의심 시 응급 대응(자가 구토 유도 금지),dog,1
중독 의심 시 중독관리센터 연락,all,1
쥐약(살서제),all,1
지나치게 단단한 츄(사슴뿔·발굽 등)·날카로운 모서리 간식,dog,1
지방,cat|dog,4
지방 많은 고기·비계,dog,1
지속적 구토·설사,mammal,1
지속적인 호흡곤란,mammal,1
진달래·철쭉류(로도덴드론),cat|dog,2
진달래·철쭉류(만병초·마운틴 로렐·일본 피에리스),all,1
진달래·철쭉류(아잘레아),cat|dog,3
질병 보정계수(illness factor) 적용,all,1
질병 징후(조기 인지),bird,1
짠 과자(감자칩·프레첼 등),dog,1
차(카페인·테오필린),mammal,1
차이브,mammal,1
참새목 조류(Passerine)의 RER 계수 K,bird,1
창백하거나 변색된 잇몸,mammal,1
천식(호흡곤란의 원인),mammal,1
철,cat|dog,4
청소용품 흡입 노출,mammal,1
체리,dog,2
체중별 1일 간식 허용 열량(성묘),cat,1
초콜릿,all|cat|mammal,4
초콜릿(테오브로민),bird|cat|dog,6
초콜릿(테오브로민+카페인),dog,3
초콜릿(테오브로민·카페인),bird|cat,4
초콜릿·카페인,bird,1
초콜릿·카페인(메틸잔틴),mammal,1
초콜릿·커피·카페인(메틸잔틴),mammal,1
출혈·외상,mammal,1
췌장염 예후,cat,1
췌장염 진단(fPLI 검사·초음파),cat,1
췌장염 치료(수액·항구토·진통·영양 지원),cat,1
췌장염(고양이),cat,1
췌장염과 연관된 질환(만성 장질환·간 및 담낭 질환·당뇨병),cat,1
췌장염의 조기 영양 지원,cat,1
카네이션,cat|dog,3
카드뮴 — 조직 진단 기준,bird,1
카드뮴(Cd) 중독,bird,1
카카오빈 껍질 정원 멀치,dog,1
카페인 음료(커피·차·에너지드링크),cat|dog,2
카페인 정제·카페인 함유 미끼,dog,1
카페인(커피·차·탄산음료·에너지음료),all,1
칼라(카라·칼라 릴리),cat|dog|mammal,3
칼라디움,cat|dog,2
칼랑코에,bird|cat|dog,4
칼륨,cat|dog,4
칼슘,cat|dog,4
칼슘/인 비율,cat|dog,4
커런트(건조 카시스),dog,1
커피(카페인),bird|mammal,2
커피·녹차·홍차(카페인),mammal,1
커피·카페인 제품(차 포함),cat,1
컴프리(comfrey),bird,2
콜린,cat|dog,4
콜키쿰(가을크로커스),cat|dog,2
크라운 베치,bird,2
크로커스,mammal,1
크리스마스 로즈(헬레보루스),cat|dog,2
클레마티스,bird,1
클레마티스(으아리류),mammal,1
킬레이션 치료(CaEDTA·DMSA·D-페니실라민),bird,1
타닌 함유 식물,bird,1
타우린(건사료),cat,2
타우린(통조림 사료),cat,2
테플론 중독 의심 시 응급 조치,bird,1
토란(콜로카시아),cat|dog,2
토마토,cat|dog,2
튤립,cat|dog,4
트레오닌,cat|dog,4
트립토판,cat|dog,4
티트리 오일 중독 — 특이 해독제 없음,bird,1
티트리 오일(멜라루카 오일),bird,1
티트리 오일(멜라루카 오일) 피부 도포,bird,1
파슬리,bird,1
패분,all,1
퍼메트린 함유 개·토끼용 구충제,cat,1
페놀,mammal,1
페놀계 세정제(라이솔·파인솔),bird,1
페닐알라닌,cat|dog,4
페닐알라닌+티로신,cat|dog,4
폐렴(호흡곤란의 원인),mammal,1
포도,dog,3
포도 껍질,dog,1
포도 및 마크(착즙 잔재),dog,1
"포도(생과, 알 단위)",dog,1
포도·건포도,all|cat|dog|mammal,8
포도·건포도(혼합 섭취),dog,1
포도·건포도·설타나·커런트,cat,1
포도·건포도·커런트·설타나,cat|dog,2
포도류(포도·청포도·샤인머스켓·건포도),dog,1
포름알데히드,mammal,1
포뮬러 사료(펠릿),bird,1
포인세티아,bird|cat|dog,6
표면 강박 핥기,dog,1
표백제(차아염소산나트륨),bird,1
표백제·염소(차아염소산나트륨),mammal,1
피마자(아주까리),cat|dog,2
피마자씨(castor bean),bird,1
필로덴드론,bird|cat|dog,4
하트리프 필로덴드론,cat|dog,2
항응고성 살서제(쥐약),bird,1
핵과 씨앗·사과씨(시안화물),bird,2
행운목(드라세나 프라그란스),cat|dog,2
향초·왁스멜트·인센스·플러그인 방향제(VOC),bird,1
허공 물기(파리 물기),dog,1
혀·잇몸의 보라색 변색과 허탈,mammal,1
현미(재고미),all,1
협죽도,cat|dog,3
협죽도(oleander),bird,2
호랑가시나무(미국 홀리),cat|dog,2
호박(순수 퓨레·구운 호박),dog,1
호흡곤란,all|mammal,2
호흡곤란에 동반된 안절부절(자세 불안),mammal,1
호흡곤란에 동반된 열사병(고체온),dog,1
혼수·무반응 상태,bird,1
홉,dog,2
화상,bird,1
화이트 초콜릿,mammal,1
활동량별 일일 에너지 요구량,dog,1
활성탄(흡착제),bird,1
후두 질환(후두마비),mammal,1
흉막 질환(폐와 흉벽 사이의 액체 또는 공기),mammal,1
히스티딘,cat|dog,4
히아신스,cat|dog,4
히아신스·튤립(특히 구근),all,1
