substance,species,triage_level,signs,fact_ids,source_ids
PTFE(테플론) 과열 흄,bird,3,개구호흡|꼬리 흔들림(tail bobbing)|거친 호흡|혼수|횃대에서 떨어짐,F-007-002|F-074-001,S-007|S-074
PTFE(폴리테트라플루오로에틸렌) 과열 흄,bird,4,호흡곤란|운동실조|쇠약|혼수,F-071-005,S-071
가정 내 임의 처치(금지),all,3,가정에서 처치하기 전 반드시 수의학적 자문을 먼저 구할 것,F-030-005,S-030
가정용 청소용품(공통),mammal,3,침 흘림 또는 입을 긁음|구토|식욕 없음|설사|복통|무기력|지남력 상실|발작|혼수|청소용품에 노출된 정황이 있는 경우|노출 경로·제품·노출량을 확인한 뒤,F-086-001,S-086
갑작스러운 행동 변화,mammal,2,갑작스러운 공격성|과도한 두려움|평소와 다른 위축,F-037-006,S-037
강박 행동에 동반된 응급 상황(자해·이물 삼킴·발작 유사),dog,4,출혈·부종·분비물·개방창|천·돌·플라스틱 등 이물 삼킴|허탈|심한 혼돈|발작 유사 증상|먹거나 마시거나 안정하지 못함|자해로 출혈·부종·분비물·개방창이 생겼을 때|이물을 삼켰을 가능성이 있을 때|허탈·심한 혼돈·발작 유사 증상이 있을 때|먹거나 마시거나 쉬지 못할 때,F-080-009,S-080
강박 행동의 의학적 감별 원인,dog,2,피부병(알레르기·감염)|통증(관절염·정형외과 질환)|신경병성 통증·이상 감각|위장관 질환(구역·역류·염증성 장질환)|내분비·대사 질환(쿠싱병 등)|신경 질환(부분 발작·뇌 질환·키아리 유사 기형·척수공동증)|반복 행동이 매일 나타나거나 악화될 때|수면·식욕·산책·훈련·휴식을 방해할 때|자해(출혈·부종·분비물·개방창)가 있을 때|천·돌·플라스틱 등 이물을 삼켰을 때|허탈·심한 혼돈·발작 유사 증상이 동반될 때|강박 행동 때문에 먹거나 마시거나 쉬지 못할 때,F-080-010,S-080
강박장애(CCD),dog,2,앞발·다리 핥기·씹기|꼬리 쫓기·제자리 돌기|서성임·원 그리며 걷기·울타리 달리기|허공 물기(파리 물기)|빛·그림자 쫓기·응시|표면 강박 핥기|옆구리·천 빨기|반복 행동이 매일 나타나거나 악화될 때|수면·식욕·산책·훈련·휴식을 방해할 때|자해(출혈·부종·분비물·개방창)가 있을 때|천·돌·플라스틱 등 이물을 삼켰을 때|허탈·심한 혼돈·발작 유사 증상이 동반될 때|강박 행동 때문에 먹거나 마시거나 쉬지 못할 때,F-080-001,S-080
개운죽(럭키뱀부),cat,3,유연(침흘림)|구토|식욕부진,F-095-003,S-095
개운죽(럭키뱀부),dog,3,유연(침흘림)|구토|기력 저하,F-096-012,S-096
고양이 교상,bird,4,,F-092-012,S-092
고양이의 개구호흡(팬팅),cat,4,입을 벌리고 헐떡임,F-038-002,S-038
"고열(hyperthermia, 과열)",bird,1,상태가 호전되지 않음,F-092-014,S-092
골절,bird,4,,F-092-006,S-092
구강·비강 출혈,bird,4,,F-092-004,S-092
구토,bird,1,구토|구토가 지속됨,F-092-010,S-092
국화,dog,3,구토|설사|유연(침흘림)|피부염,F-096-002,S-096
꼬리 쫓기·제자리 돌기,dog,2,반복 행동이 매일 나타나거나 악화될 때|수면·식욕·산책·훈련·휴식을 방해할 때|자해(출혈·부종·분비물·개방창)가 있을 때|천·돌·플라스틱 등 이물을 삼켰을 때|허탈·심한 혼돈·발작 유사 증상이 동반될 때|강박 행동 때문에 먹거나 마시거나 쉬지 못할 때,F-080-003,S-080
난관 폐색(egg binding),bird,4,,F-092-013,S-092
납(lead) 중독,bird,3,구토(토출)|무기력|쇠약|적색뇨|발작|근육경련|마비,F-071-001,S-071
뇌진탕(벽·창문 충돌),bird,1,빠르게 정상으로 회복하지 않음|신경학적 이상이 지속됨,F-092-007,S-092
눈 부상,mammal,4,충혈|부기|안구 탈출|눈을 찡그림|과도한 눈물|이물질이 보임,F-037-009,S-037
니코틴(담배·전자담배·니코틴 껌/패치),bird,3,떨림|구토|설사|발작|혼수,F-071-003,S-071
대마초(마리화나),bird,3,침울|쇠약|균형 상실|발작,F-071-004,S-071
독성 관엽식물 섭취,bird,3,,F-092-008,S-092
독성물질 노출 시 대응(구토 유발 전 확인),mammal,3,구토를 유발하거나 가정에서 처치하기 전|석유증류물에 노출된 경우(구토 유발 절대 금지),F-084-010,S-084
디펜바키아,cat,3,구역질|구토|복통|설사,F-095-006,S-095
로도덴드론(진달래속),bird,3,,F-071-008,S-071
마비·심한 쇠약,mammal,4,갑작스러운 쇠약|마비|운동 실조|보행 불가,F-037-010,S-037
무반응·의식 변화,mammal,4,심한 무기력|지남력 상실|부르거나 명령해도 반응하지 않음,F-037-003,S-037
바비큐 위험 식품 섭취 의심,dog,3,손님이 모르고 위험 식품을 줬을 때|쓰레기통을 뒤져 먹었을 때,F-063-012,S-063
반려동물 약물의 오·과다 투여,mammal,3,자기 약을 처방량보다 많이 먹은 경우|다른 반려동물의 약을 먹은 경우|개가 고양이 약을 먹은 경우(또는 그 반대)|개용 외용약을 고양이에게 바른 경우,F-085-013,S-085
발작,mammal,3,조절되지 않는 떨림|침 흘림|경련|의식 소실|발작이 끝난 직후,F-037-004,S-037
발작(seizure),bird,4,발작,F-092-015,S-092
발작(경련),all,4,전신 경련|발작|반려동물이 경련·발작을 하는 경우,F-030-002,S-030
배설물 내 혈액,bird,4,혈뇨|혈색소뇨|배설물 표면의 혈액|검고 끈적한 배설물,F-092-011,S-092
백합,cat,3,혼수,F-095-002,S-095
백합,dog,3,구토|설사|식욕부진|유연(침흘림),F-096-011,S-096
베고니아,dog,3,유연(침흘림)|삼킴 곤란|구토,F-096-007,S-096
"부기·복부 팽만(GDV, 고창증)",mammal,4,복부 부기|쇠약|창백한 잇몸|헛구역질|쇠약·창백한 잇몸·헛구역질 등이 함께 나타나는 경우,F-037-007,S-037
부러진 혈우(blood feather) 출혈,bird,1,깃대(feather stump)를 제거하지 못함|압박·지혈분말로도 출혈이 멎지 않음|출혈량이 많음,F-092-003,S-092
빛·그림자 쫓기·응시,dog,2,반복 행동이 매일 나타나거나 악화될 때|수면·식욕·산책·훈련·휴식을 방해할 때|자해(출혈·부종·분비물·개방창)가 있을 때|천·돌·플라스틱 등 이물을 삼켰을 때|허탈·심한 혼돈·발작 유사 증상이 동반될 때|강박 행동 때문에 먹거나 마시거나 쉬지 못할 때,F-080-006,S-080
서성임·원 그리며 걷기·울타리 달리기,dog,2,반복 행동이 매일 나타나거나 악화될 때|수면·식욕·산책·훈련·휴식을 방해할 때|자해(출혈·부종·분비물·개방창)가 있을 때|천·돌·플라스틱 등 이물을 삼켰을 때|허탈·심한 혼돈·발작 유사 증상이 동반될 때|강박 행동 때문에 먹거나 마시거나 쉬지 못할 때,F-080-004,S-080
수국,cat,3,위통|구토,F-095-010,S-095
수국,dog,3,구토|설사|침울,F-096-006,S-096
수선화,cat,3,구토|설사|복통|식욕부진|전신 경련|심박 이상,F-095-001,S-095
수선화,dog,3,구토|설사|유연(침흘림)|경련|저혈압|떨림|부정맥,F-096-003,S-096
수의학적 처치가 필요한 경우,all,3,수의학적 처치가 필요하다고 판단되는 경우,F-027-006,S-027
아보카도(퍼신),bird,3,,F-007-001,S-007
아연(zinc) 중독,bird,3,무기력|쇠약|설사|구토(토출)|음수량 증가,F-071-002,S-071
아이비(헤데라),cat,3,구강 불편감|구토|설사|복통,F-095-011,S-095
아이비(헤데라),dog,3,복통|설사|구토|과다 유연(침흘림),F-096-010,S-096
알로에,cat,3,설사|구토|유연(침흘림)|발열,F-095-008,S-095
알로에,dog,3,구토|설사|소변 색 변화,F-096-004,S-096
알코올(주류·알코올 함유 식품),mammal,3,구토|설사|운동실조|침울|호흡곤란|떨림|혈중 pH 변화|혼수|사망|알코올에 노출된 정황이 있는 경우,F-023-001,S-023
앞발·다리 강박 핥기·씹기,dog,2,지단부 핥음 피부염(통증성 감염 궤양)|반복 행동이 매일 나타나거나 악화될 때|수면·식욕·산책·훈련·휴식을 방해할 때|자해(출혈·부종·분비물·개방창)가 있을 때|천·돌·플라스틱 등 이물을 삼켰을 때|허탈·심한 혼돈·발작 유사 증상이 동반될 때|강박 행동 때문에 먹거나 마시거나 쉬지 못할 때,F-080-002,S-080
양파(리크·차이브 포함),dog,3,구토|설사|복통|메스꺼움,F-064-014,S-064
에틸렌글리콜(부동액),cat,4,섭취 후 3시간 이내(고양이 치료 개시 시한),F-084-001,S-084
에틸렌글리콜(부동액),dog,4,섭취 후 6시간 이내(개 치료 개시 시한),F-084-002,S-084
옆구리·천 빨기,dog,2,반복 행동이 매일 나타나거나 악화될 때|수면·식욕·산책·훈련·휴식을 방해할 때|자해(출혈·부종·분비물·개방창)가 있을 때|천·돌·플라스틱 등 이물을 삼켰을 때|허탈·심한 혼돈·발작 유사 증상이 동반될 때|강박 행동 때문에 먹거나 마시거나 쉬지 못할 때,F-080-008,S-080
위험물 섭취 의심,all,3,위험할 수 있는 것을 먹었다고 의심되는 경우,F-029-022,S-029
유독 가스·연기 노출,bird,4,호흡곤란 징후가 보임,F-092-009,S-092
유해물질 섭취 의심,all,3,유해할 수 있는 것을 먹었다고 의심되는 경우,F-030-004,S-030
응급 여부를 판단하기 어려운 경우,mammal,3,어떤 이유로든 반려동물의 건강이 걱정되는 경우,F-037-011,S-037
의식소실,all,4,의식이 없음|반려동물이 의식을 잃은 경우,F-030-001,S-030
임의 구토 유발(금지),all,3,,F-027-004,S-027
중독 의심 시 대응(독성물질 섭취),cat,3,구토|설사|발작|혈변·혈뇨|무기력|식욕 부진|멍(피하출혈)|코피|불규칙한 심박|배뇨 곤란|호흡곤란,F-010-001,S-010
중독 의심 시 응급 대응(자가 구토 유도 금지),dog,3,개를 원인 물질에서 즉시 떼어놓기|먹은 것·양·시각 확인하고 포장 보관|임의로 구토를 유도하지 말 것|수의사·응급병원 또는 Pet Poison Helpline (855)-764-7661 에 즉시 연락|수의사 승인 없이 사람 약을 주지 말 것,F-021-012,S-021
중독 의심 시 중독관리센터 연락,all,3,중독이 의심되는 즉시,F-027-005,S-027
지속적 구토·설사,mammal,3,반복적인 구토|중증 설사|혈변|짧은 시간에 여러 번 구토|혈액 등 다른 징후 동반,F-037-002,S-037
지속적인 호흡곤란,mammal,4,지속적인 호흡 곤란,F-038-001,S-038
진달래·철쭉류(아잘레아),cat,3,구강 자극|구토|설사,F-095-004,S-095
진달래·철쭉류(아잘레아),dog,3,구토|설사|무력감|심부전,F-096-005,S-096
창백하거나 변색된 잇몸,mammal,4,잇몸이 파랗거나 회색·흰색·보라색으로 변함,F-037-008,S-037
체리,dog,3,동공 확대|호흡곤란|잇몸 발적,F-064-012,S-064
출혈·외상,mammal,4,눈에 보이는 출혈|차에 치임|높은 곳에서 떨어짐,F-037-005,S-037
카네이션,dog,3,위장관 불편감|피부염,F-096-008,S-096
칼랑코에,bird,3,,F-071-009,S-071
크라운 베치,bird,3,,F-071-007,S-071
테플론 중독 의심 시 응급 조치,bird,3,호흡곤란 징후가 보임|테플론 노출이 의심됨,F-074-003,S-074
튤립,cat,3,침울|설사|구토|구역질,F-095-007,S-095
튤립,dog,3,과다 유연(침흘림)|구토|설사|침울|전신 경련|심박 이상,F-096-001,S-096
포도·건포도,dog,3,,F-064-013,S-064
포인세티아,cat,3,유연(침흘림)|구토|설사|복통,F-095-012,S-095
포인세티아,dog,3,구역질|구토|유연(침흘림)|설사,F-096-009,S-096
표면 강박 핥기,dog,2,반복 행동이 매일 나타나거나 악화될 때|수면·식욕·산책·훈련·휴식을 방해할 때|자해(출혈·부종·분비물·개방창)가 있을 때|천·돌·플라스틱 등 이물을 삼켰을 때|허탈·심한 혼돈·발작 유사 증상이 동반될 때|강박 행동 때문에 먹거나 마시거나 쉬지 못할 때,F-080-007,S-080
허공 물기(파리 물기),dog,2,반복 행동이 매일 나타나거나 악화될 때|수면·식욕·산책·훈련·휴식을 방해할 때|자해(출혈·부종·분비물·개방창)가 있을 때|천·돌·플라스틱 등 이물을 삼켰을 때|허탈·심한 혼돈·발작 유사 증상이 동반될 때|강박 행동 때문에 먹거나 마시거나 쉬지 못할 때,F-080-005,S-080
호흡곤란,all,4,숨쉬기 어려움|반려동물이 호흡을 어려워하는 경우,F-030-003,S-030
화상,bird,2,,F-092-005,S-092
히아신스,cat,3,위경련|구토|설사,F-095-009,S-095
